"The updated factor, estimated from scratch, continues to perform well.  ",,,,
trd: equal-weighted trend factor monthly returns,,,,
trdv: value-weighted trend factor monthly returns,,,,
DATE,trd,trdv,mktrf,umd
30-Jun-30,-0.008276479,0.001996156,-0.1627,0.0661
31-Jul-30,0.008422385,0.053292761,0.0412,-0.0216
29-Aug-30,0.012944267,0.019258189,0.003,0.0395
30-Sep-30,0.0168844,-0.023958663,-0.1275,0.1144
31-Oct-30,-0.029141093,-0.060596534,-0.0878,0.0701
29-Nov-30,0.046582615,0.106653403,-0.0304,-0.0117
31-Dec-30,0.032994313,0.014006004,-0.0783,0.1329
31-Jan-31,0.050424669,0.036821666,0.0624,-0.1094
28-Feb-31,0.007088003,-0.038249999,0.1088,-0.1437
31-Mar-31,0.046594725,0.038475482,-0.0643,0.0955
30-Apr-31,-0.020734378,-0.002687819,-0.0998,0.1142
29-May-31,0.081757322,0.072975167,-0.1324,0.0903
30-Jun-31,0.170251988,0.113014119,0.139,-0.1785
31-Jul-31,0.062657946,0.065192678,-0.0662,0.0805
31-Aug-31,0.013587297,-0.023950938,0.0041,-0.0352
30-Sep-31,-0.006040496,-0.058813698,-0.2913,0.1018
31-Oct-31,0.228676178,0.194054951,0.0804,0.0328
30-Nov-31,0.064155274,-0.046343605,-0.0908,0.0761
31-Dec-31,-0.01188344,-0.059534609,-0.1353,0.1417
30-Jan-32,0.146752004,0.103441913,-0.0158,-0.1032
29-Feb-32,0.130625534,0.119481847,0.0546,0.0162
31-Mar-32,0.038635434,-0.066699913,-0.1121,0.1033
30-Apr-32,-0.014746043,-0.126816869,-0.1796,0.0678
31-May-32,-0.092165854,-0.077444872,-0.2051,0.122
30-Jun-32,0.233065306,0.188990889,-0.007,0.021
30-Jul-32,0.168682525,-0.084275233,0.3384,-0.4394
31-Aug-32,-0.199628045,-0.365512423,0.3706,-0.5226
30-Sep-32,0.104123576,0.068425056,-0.0294,0.0244
31-Oct-32,0.001122598,-0.063193024,-0.1317,0.0429
30-Nov-32,0.010687077,0.010475529,-0.0588,-0.0209
31-Dec-32,0.030702564,0.001348264,0.044,0.0526
31-Jan-33,0.084987872,0.109513642,0.0125,-0.0153
28-Feb-33,-0.033040848,-0.050168697,-0.1524,0.0419
31-Mar-33,0.05382704,0.090947265,0.0329,0.0235
29-Apr-33,0.212767925,0.005634328,0.3885,-0.1595
31-May-33,0.012793456,-0.103101188,0.2143,-0.0392
30-Jun-33,0.078440027,0.017483911,0.1311,0.0354
31-Jul-33,0.060139051,0.018092853,-0.0963,0.0041
31-Aug-33,0.140354847,0.085123669,0.1205,0.0751
30-Sep-33,0.02536334,0.00304759,-0.1065,0.0165
31-Oct-33,0.003604945,-0.016019951,-0.0836,-0.0228
29-Nov-33,0.094491184,0.025471199,0.0997,0.0635
30-Dec-33,0.009905992,-0.021768368,0.0183,0.0396
31-Jan-34,0.122693637,0.107662757,0.126,-0.031
28-Feb-34,-0.005944758,-0.017041798,-0.025,-0.0025
31-Mar-34,0.002874174,0.002339073,0.0009,-0.0086
30-Apr-34,0.073132514,0.067010671,-0.0179,-0.0512
31-May-34,-0.048121068,-0.07799897,-0.0725,-0.0283
30-Jun-34,0.034622884,-0.013669797,0.0264,-0.0096
31-Jul-34,-0.105337836,-0.147835768,-0.1096,0.0873
31-Aug-34,0.153861493,0.060956289,0.0558,0.0241
29-Sep-34,0.021050778,0.011315685,-0.0023,-0.001
31-Oct-34,0.034459817,0.023230886,-0.0166,0.0691
30-Nov-34,0.044289133,0.028725723,0.0833,0.0422
31-Dec-34,0.037311447,0.008560765,0.0036,0.0463
31-Jan-35,0.067542112,0.077457952,-0.0345,0.036
28-Feb-35,0.093432473,0.073539792,-0.0194,0.1375
30-Mar-35,0.073108843,0.079182344,-0.0368,0.0286
30-Apr-35,-0.019799583,-0.041894568,0.0906,-0.0472
31-May-35,-0.003564096,-0.0310918,0.0347,-0.0367
29-Jun-35,0.04831743,-0.037794906,0.0593,0.0207
31-Jul-35,-0.00019386,-0.030903493,0.0751,-0.0422
31-Aug-35,-0.029851619,-0.043153865,0.0265,-0.0769
30-Sep-35,0.017006982,-0.013362497,0.0263,0.0893
31-Oct-35,0.055945522,0.050142467,0.0703,0.0209
30-Nov-35,0.038473623,-0.012309764,0.0488,-0.0591
31-Dec-35,-0.007974278,-0.056848216,0.0456,0.0375
31-Jan-36,0.034761666,0.017404402,0.0689,-0.0336
29-Feb-36,0.019014034,0.036158617,0.0249,0.0257
31-Mar-36,-0.006720769,-0.04634609,0.0099,0.0173
30-Apr-36,-0.014109101,-0.015534852,-0.0814,-0.0783
29-May-36,0.053990875,0.033318012,0.0519,0.0237
30-Jun-36,0.004811193,0.021199076,0.024,0.0045
31-Jul-36,-0.029619358,-0.061427013,0.0667,0.029
31-Aug-36,0.017846266,0.01115483,0.0099,0.0061
30-Sep-36,-0.010782751,-0.017301419,0.0098,0.0127
31-Oct-36,0.021773706,0.013944167,0.0712,0.0099
30-Nov-36,0.029303255,0.029032744,0.0327,0.0211
31-Dec-36,-0.017433545,-0.020385063,0.0021,0.0211
30-Jan-37,-0.006374198,-0.009943099,0.0335,-0.0185
27-Feb-37,-0.008435864,-0.037487809,0.0109,0.0298
31-Mar-37,0.030145688,0.00853823,-0.0027,0.0281
30-Apr-37,-0.040933938,-0.022942218,-0.0736,-0.0371
28-May-37,0.010203762,0.020413277,-0.0083,0.0051
30-Jun-37,-0.003843861,-0.038482653,-0.0421,0.0068
31-Jul-37,-0.034862727,-0.03881758,0.0891,-0.004
31-Aug-37,0.003495596,-0.017667892,-0.0486,-0.0179
30-Sep-37,-0.060138035,-0.087375241,-0.1361,-0.0714
30-Oct-37,0.063430283,0.04875496,-0.0961,-0.0156
30-Nov-37,0.067515955,0.021631592,-0.0831,-0.0097
31-Dec-37,0.068791051,0.028267818,-0.0424,0.047
31-Jan-38,0.000195625,-0.021185209,0.0049,-0.0144
28-Feb-38,0.017011694,-0.009331178,0.0584,-0.0308
31-Mar-38,0.005591039,0.003507861,-0.2382,0.1575
30-Apr-38,0.153774175,0.067072522,0.1451,-0.0888
31-May-38,-0.005417268,-0.02706683,-0.0383,0.0713
30-Jun-38,0.226076215,0.259938782,0.2387,-0.2486
30-Jul-38,-0.014490308,-0.045674908,0.0734,-0.0644
31-Aug-38,0.007449659,-0.06846989,-0.0267,0.0395
30-Sep-38,0.024611846,0.004189492,0.0081,0.0253
31-Oct-38,-0.043647266,-0.054035204,0.078,-0.077
30-Nov-38,0.004667448,-0.001736224,-0.0172,0.0313
31-Dec-38,0.031717684,0.024126875,0.0419,0.0205
31-Jan-39,0.051254373,0.036623773,-0.0596,-0.0305
28-Feb-39,0.060018107,0.042348327,0.0351,0.0325
31-Mar-39,0.08317569,0.095451947,-0.1199,-0.0148
29-Apr-39,0.065004753,0.043735536,-0.0018,0.027
31-May-39,0.070978809,0.036733509,0.068,0.0356
30-Jun-39,0.105355787,0.09411337,-0.0531,0.0196
31-Jul-39,0.154787016,0.162016344,0.1024,-0.0057
31-Aug-39,0.014212814,-0.001971979,-0.0668,0.059
30-Sep-39,-0.036143696,-0.092714706,0.1688,-0.3035
31-Oct-39,0.116114673,0.098435368,-0.0053,0.0648
30-Nov-39,-0.096616418,-0.094669391,-0.0362,-0.0022
30-Dec-39,-0.001180339,-0.000543302,0.0303,0.054
31-Jan-40,-0.014265195,-0.036491096,-0.0241,0.0174
29-Feb-40,0.017725284,0.016721313,0.0144,0.0181
30-Mar-40,0.001773472,0.008558871,0.0205,-0.0036
30-Apr-40,0.020113116,0.015319,0.0022,0.0333
31-May-40,0.053638334,0.043204514,-0.2195,0.0286
29-Jun-40,0.075696726,0.076178401,0.0667,-0.0214
31-Jul-40,0.063494685,0.040304503,0.0316,0.0085
31-Aug-40,0.024654808,0.017965393,0.0219,-0.0161
30-Sep-40,-0.014042077,-0.012465994,0.0239,-0.0026
31-Oct-40,-0.004106144,-0.017874427,0.0302,-0.0653
30-Nov-40,0.033527138,-0.021643654,-0.0161,0.0133
31-Dec-40,0.022881004,0.021804202,0.0069,0.0346
31-Jan-41,0.050129443,0.001627544,-0.0417,-0.0472
28-Feb-41,0.030591742,0.024313174,-0.0143,0.0091
31-Mar-41,-0.006321706,-0.000892885,0.0084,0.0243
30-Apr-41,0.00102131,-0.03243623,-0.0546,0.0303
31-May-41,0.023184736,-0.009768097,0.0139,0.0246
30-Jun-41,0.005166295,-0.000057478,0.0583,-0.0064
31-Jul-41,0.062512447,0.039104594,0.0587,-0.0175
30-Aug-41,-0.003274549,0.007589796,-0.0017,0.0017
30-Sep-41,-0.020657667,-0.007171898,-0.0087,-0.0157
31-Oct-41,0.004131186,0.022222432,-0.0525,0.0474
29-Nov-41,-0.017868692,-0.034569939,-0.0192,0.0404
31-Dec-41,-0.008425173,0.00674638,-0.0487,0.0028
31-Jan-42,0.054515887,0.019185183,0.0079,-0.0358
28-Feb-42,0.00926669,-0.052888741,-0.0246,-0.0071
31-Mar-42,-0.0033079,-0.026931027,-0.0658,-0.0021
30-Apr-42,0.02216888,0.025814622,-0.0437,-0.0079
29-May-42,0.050234754,0.049739719,0.0594,-0.0471
30-Jun-42,0.023531313,0.047132741,0.0269,-0.0132
31-Jul-42,0.0153983,0.022516071,0.0351,0.0077
31-Aug-42,0.017551663,0.002909033,0.018,-0.0013
30-Sep-42,0.018667338,0.022866479,0.0261,-0.0064
31-Oct-42,0.004529942,0.003368672,0.0682,-0.0401
30-Nov-42,0.063303685,0.047798157,0.0015,-0.0097
31-Dec-42,0.020943929,0.031813074,0.0512,0.0306
30-Jan-43,0.062328241,0.045542576,0.0713,-0.0036
27-Feb-43,0.015112938,0.009624094,0.0615,-0.0146
31-Mar-43,-0.025119959,-0.065222294,0.0601,0.0474
30-Apr-43,-0.006181491,-0.021449872,0.0081,0.0618
29-May-43,0.003198944,-0.01331128,0.0574,0.0561
30-Jun-43,0.028940843,0.029212635,0.0182,-0.013
31-Jul-43,-0.024689356,0.008775267,-0.0477,-0.0459
31-Aug-43,0.023691756,0.014966779,0.013,0.0071
30-Sep-43,0.037908283,0.044542682,0.024,0.0178
30-Oct-43,0.006432455,0.008873597,-0.0115,-0.0053
30-Nov-43,-0.032518296,-0.027170585,-0.0591,-0.0472
31-Dec-43,0.055993286,0.064004164,0.0636,0.0599
31-Jan-44,0.01073733,-0.000320281,0.0174,0.0097
29-Feb-44,0.004947949,0.003303182,0.0037,0.0034
31-Mar-44,0.049392018,0.047414003,0.0246,0.0261
29-Apr-44,0.020453836,0.011849196,-0.0169,0.0052
31-May-44,0.027078819,0.030647259,0.0507,0.0207
30-Jun-44,-0.054254451,-0.05915763,0.0549,-0.0522
31-Jul-44,0.03740324,0.026571102,-0.0149,0.0019
31-Aug-44,0.016461932,-0.005329164,0.0157,0.0468
30-Sep-44,-0.007691722,-0.015882822,0.0001,-0.0108
31-Oct-44,0.018100333,0.00354107,0.0016,-0.0124
30-Nov-44,0.016295774,0.00274621,0.0171,0.0128
30-Dec-44,-0.009479913,0.006475291,0.0403,0.0336
31-Jan-45,0.034076233,0.023180585,0.0201,0.0004
28-Feb-45,0.026743731,0.021218401,0.0623,0.0303
31-Mar-45,0.034922854,0.023951041,-0.0389,-0.0328
30-Apr-45,0.038238427,0.036446361,0.078,0.0479
31-May-45,0.036598502,0.020092547,0.0173,0.0011
30-Jun-45,-0.008627767,0.008666873,0.0039,0.0411
31-Jul-45,0.032071752,0.036151949,-0.0217,-0.0262
31-Aug-45,0.022427133,0.012270154,0.062,-0.014
29-Sep-45,0.004217492,0.016309564,0.0477,0.014
31-Oct-45,0.01399034,0.030647345,0.0389,0.0025
30-Nov-45,0.011022486,0.014066825,0.0539,0.0426
31-Dec-45,0.010500791,0.010004324,0.012,0.0125
31-Jan-46,0.060031331,0.08260453,0.0624,0.0376
28-Feb-46,-0.00725304,-0.007938884,-0.0583,-0.0145
30-Mar-46,0.027247412,0.021422428,0.0587,0.0269
30-Apr-46,0.007290246,-0.038823285,0.0423,0.0303
31-May-46,0.017856668,0.018425923,0.0393,-0.0061
28-Jun-46,-0.010820828,-0.007827841,-0.0389,-0.0252
31-Jul-46,0.005846188,-0.006004073,-0.0269,-0.001
30-Aug-46,-0.01468808,0.000533584,-0.0644,-0.0003
30-Sep-46,-0.005187201,1.50E-05,-0.1017,0.0074
31-Oct-46,0.012900608,0.013335105,-0.0144,0.0097
30-Nov-46,0.011005923,0.026316087,-0.0001,0.002
31-Dec-46,0.006016866,-0.014533487,0.0496,-0.001
31-Jan-47,0.003816067,0.019549887,0.0125,-0.0644
28-Feb-47,0.013895506,0.032853553,-0.0108,-0.0049
31-Mar-47,0.010446241,0.006519913,-0.0167,0.0406
30-Apr-47,0.002727184,0.002982747,-0.048,0.0505
29-May-47,0.008651569,0.020119888,-0.0097,0.0333
30-Jun-47,0.000240522,-0.025100986,0.0529,-0.0185
31-Jul-47,0.010837199,0.007613625,0.0414,-0.0342
29-Aug-47,-0.001328078,-0.001809888,-0.0174,0.0338
30-Sep-47,0.004349855,-0.00065816,-0.0054,-0.0002
31-Oct-47,0.029300098,0.025497799,0.0247,0.0134
29-Nov-47,0.003308198,-0.00082778,-0.0197,0.0423
31-Dec-47,0.036726261,0.024315959,0.03,0.036
31-Jan-48,0.023297019,0.020466884,-0.0393,-0.0429
28-Feb-48,0.018506492,0.025426035,-0.0438,0.0147
31-Mar-48,-0.000353994,-0.019643457,0.0807,-0.0019
30-Apr-48,0.008439193,-0.014300786,0.0365,0.0406
28-May-48,0.033091363,0.054842797,0.073,0.0238
30-Jun-48,-0.002244007,-0.013840561,-0.001,0.0399
30-Jul-48,0.026910306,0.015924332,-0.0509,-0.0158
31-Aug-48,0.018169304,0.002076338,0.0025,0.0023
30-Sep-48,0.013312969,0.000792189,-0.0297,-0.0126
30-Oct-48,0.037992462,0.01946611,0.0596,0.0279
30-Nov-48,-0.015233014,-0.014461461,-0.093,0.006
31-Dec-48,0.019444705,0.008033592,0.0326,0.0466
31-Jan-49,0.022154485,0.008842104,0.0023,-0.0292
28-Feb-49,-0.004599963,-0.014210059,-0.0293,-0.0041
31-Mar-49,0.011064081,0.010306568,0.0404,-0.0087
30-Apr-49,0.038723372,0.034854817,-0.0187,0.0306
31-May-49,-0.001786475,0.001140275,-0.0294,0.0304
30-Jun-49,0.018528808,0.017759315,0.001,-0.0128
29-Jul-49,0.011366739,0.016202969,0.0554,-0.0154
31-Aug-49,-0.00287528,-0.020204192,0.026,0.017
30-Sep-49,0.008068256,-0.003269425,0.0309,-0.0142
31-Oct-49,-0.001748888,-0.021401286,0.0314,0
30-Nov-49,-0.002563461,0.000527092,0.0182,0.0127
31-Dec-49,0.031155748,0.015031628,0.0513,-0.0078
31-Jan-50,0.016872734,0.000749831,0.017,-0.0232
28-Feb-50,0.005802221,0.017961043,0.0148,0.0136
31-Mar-50,-0.004793174,0.012620306,0.0126,0.0154
29-Apr-50,0.040544297,0.035899435,0.0394,0.0033
31-May-50,0.019403686,-0.009602754,0.0431,0.0038
30-Jun-50,0.018923899,0.008765597,-0.0594,-0.0166
31-Jul-50,0.013151938,-0.038609168,0.0136,-0.0047
31-Aug-50,0.067478994,0.059200445,0.0485,0.0321
29-Sep-50,-0.017448592,-0.013600613,0.0481,-0.0013
31-Oct-50,0.041241782,0.021883184,-0.0018,0.0142
30-Nov-50,0.04273083,-0.003399761,0.0276,0.0359
30-Dec-50,-0.012943099,0.012789853,0.0554,0.0497
31-Jan-51,0.043394457,0.007208122,0.057,0.02
28-Feb-51,0.017685943,0.01201731,0.0141,-0.0158
31-Mar-51,-0.001504138,-0.019167747,-0.0215,-0.0295
30-Apr-51,0.036872876,0.043182863,0.0486,0.0602
31-May-51,-0.003433313,0.002409046,-0.0234,-0.0093
29-Jun-51,-0.00499887,-0.011055354,-0.0262,-0.0239
31-Jul-51,0.075055996,0.075206631,0.0694,0.0724
31-Aug-51,0.001851304,0.009026251,0.0427,0.01
28-Sep-51,-0.000588421,-0.015193093,0.007,0.0056
31-Oct-51,-0.002866021,-0.036978577,-0.0253,-0.0031
30-Nov-51,0.011498265,0.001092357,0.0057,0.0063
31-Dec-51,0.013015393,0.012347376,0.0333,0.017
31-Jan-52,0.013919292,-0.011936853,0.0145,0.0137
29-Feb-52,0.003314686,0.003859927,-0.0262,-0.0075
31-Mar-52,0.007431253,-0.000935626,0.0444,0.0165
30-Apr-52,0.019280604,0.031244652,-0.0497,-0.0204
29-May-52,0.011126345,-0.002184802,0.032,0.0049
30-Jun-52,0.00808114,0.012216944,0.0383,0.015
31-Jul-52,0.014642029,0.004773962,0.0091,-0.0052
29-Aug-52,0.008255263,0.008946269,-0.0076,0.0031
30-Sep-52,0.015472142,0.010445071,-0.0203,0.0176
31-Oct-52,0.02000025,0.021149198,-0.0066,0.0275
28-Nov-52,0.00567234,0.00878545,0.0594,0.0044
31-Dec-52,0.005531535,0.02052918,0.0293,0.0151
30-Jan-53,0.028809407,0.021836142,-0.0034,0.0072
27-Feb-53,-0.007524646,-0.004460143,-0.0027,0.0086
31-Mar-53,0.002716262,-0.012076796,-0.0143,0.0008
30-Apr-53,0.012839231,0.015254788,-0.0283,0.0185
29-May-53,0.024188516,0.011866344,0.0052,0.0094
30-Jun-53,0.004493661,0.013821958,-0.0189,-0.0001
31-Jul-53,-0.000304763,0.008171062,0.024,-0.0031
31-Aug-53,0.014147823,0.003978295,-0.0452,0.0221
30-Sep-53,0.008874065,0.009774236,0.002,0.0288
30-Oct-53,0.013024354,0.014876852,0.046,0.0027
30-Nov-53,0.001890876,-0.012839339,0.0283,0.0195
31-Dec-53,0.026207994,0.003135238,0.0003,0.0519
29-Jan-54,0.014430014,0.030404585,0.0513,-0.0574
26-Feb-54,0.02638132,0.025123497,0.0167,0.0103
31-Mar-54,-0.002820572,0.002935286,0.0365,0.022
30-Apr-54,0.010448578,-0.012013992,0.0427,0.0498
28-May-54,0.014287968,0.017907715,0.0309,-0.0199
30-Jun-54,0.012060364,0.02672893,0.0107,0.0352
30-Jul-54,0.001171548,-0.008234188,0.0499,0.0044
31-Aug-54,0.025862042,0.015569425,-0.0234,-0.0064
30-Sep-54,0.020975929,0.045660558,0.0639,0.0154
29-Oct-54,0.018582945,0.029518995,-0.0167,0.0096
30-Nov-54,0.009612812,0.032210145,0.0938,0.0193
31-Dec-54,0.027534455,0.02629627,0.0548,-0.0141
31-Jan-55,0.022941137,-0.005780731,0.006,0.0136
28-Feb-55,0.006504298,0.013244974,0.0302,0.0109
31-Mar-55,0.022498221,0.022753915,-0.0016,0.0103
29-Apr-55,0.033664855,0.014832675,0.0311,0.0009
31-May-55,0.004046365,-0.000110303,0.0093,0.0056
30-Jun-55,0.003654464,-0.027494808,0.0655,0.0466
29-Jul-55,0.010104122,-0.047147393,0.019,-0.0123
31-Aug-55,0.009930687,0.039526375,0.0021,0.0179
30-Sep-55,0.007680966,-0.001251042,-0.0036,0.0177
31-Oct-55,0.007670784,0.005507234,-0.0268,-0.005
30-Nov-55,0.006519152,-0.002667299,0.0703,0.0267
30-Dec-55,-0.00338422,-0.014313973,0.0149,-0.0133
31-Jan-56,-0.009183708,0.006831901,-0.0303,-0.0148
29-Feb-56,0.014519176,0.015344446,0.0377,0.0197
29-Mar-56,0.016812635,-0.003079813,0.0664,0.0359
30-Apr-56,0.010222849,-0.001770615,0.0028,0.0257
31-May-56,-0.007978498,-0.000111506,-0.052,-0.0162
29-Jun-56,0.017742917,0.013282238,0.0348,0.0271
31-Jul-56,0.015637198,0.013752445,0.0484,0.0252
31-Aug-56,0.000439448,-0.005485519,-0.0318,-0.0069
28-Sep-56,-0.006622878,-0.011702735,-0.0514,-0.0076
31-Oct-56,0.00752995,0.017283513,0.0052,0.0246
30-Nov-56,0.009137289,0.012331903,0.0036,0.0341
31-Dec-56,0.001770809,8.46E-05,0.0316,0.0381
31-Jan-57,0.005428174,0.003618583,-0.0358,-0.0305
28-Feb-57,-0.017009404,-0.014590208,-0.0206,0.0031
29-Mar-57,-0.005154037,-0.017691714,0.0213,-0.0018
30-Apr-57,0.023712219,0.020115937,0.0426,0.0096
31-May-57,-0.000649163,-0.025774743,0.0345,0.0044
28-Jun-57,0.005458707,-0.013648969,-0.0074,0.0077
31-Jul-57,0.010583559,-0.017603853,0.0066,-0.0007
30-Aug-57,0.014530099,0.021625579,-0.0511,0.0049
30-Sep-57,0.047240709,0.05137241,-0.0598,0.0062
31-Oct-57,0.014608056,0.016845915,-0.0432,0.0194
29-Nov-57,0.017661962,0.016094412,0.023,0.0124
31-Dec-57,0.08484105,0.078878284,-0.0391,0.0779
31-Jan-58,-0.046714365,-0.031762052,0.0466,-0.0763
28-Feb-58,0.015654099,0.011615467,-0.0152,0.0375
31-Mar-58,0.005639912,6.70E-05,0.0327,-0.0185
30-Apr-58,0.014788969,-0.002606762,0.0309,0.0185
29-May-58,0.010923465,0.036362741,0.0231,-0.0182
30-Jun-58,0.011544345,-0.001182718,0.0293,-0.0087
31-Jul-58,0.024254993,0.025895086,0.0439,-0.0362
29-Aug-58,0.025270208,0.009532909,0.0191,0.0028
30-Sep-58,0.029285773,0.021158902,0.0466,-0.0113
31-Oct-58,0.007151306,-0.008823634,0.0253,0.0312
28-Nov-58,-0.004401273,0.011793418,0.0301,0.0157
31-Dec-58,0.026053315,-0.000524887,0.0515,-0.0065
30-Jan-59,0.015313015,0.017719938,0.0071,-0.0024
27-Feb-59,0.016029146,-0.015077247,0.0095,0.034
31-Mar-59,0.003481362,0.01148286,0.0028,0.0013
30-Apr-59,0.010588746,0.020778111,0.0366,0.0315
29-May-59,0.01089524,0.009425179,0.0173,0.015
30-Jun-59,-0.002515875,-0.006610221,-0.0025,0.0291
31-Jul-59,0.002663818,0.034919467,0.0317,-0.0032
31-Aug-59,-0.00052045,-0.009847138,-0.0139,-0.0095
30-Sep-59,0.009266797,0.00346819,-0.048,0.0085
30-Oct-59,0.035324491,0.013467253,0.0128,0.0348
30-Nov-59,0.009156016,0.01721405,0.016,0.0226
31-Dec-59,0.031277773,0.00691881,0.0245,0.0099
29-Jan-60,-0.017082457,-0.041861476,-0.0698,-0.0349
29-Feb-60,0.029393929,0.01263355,0.0117,0.0386
31-Mar-60,0.000923556,-0.024666661,-0.0163,0.0143
29-Apr-60,0.033399827,0.015631857,-0.0171,0.0281
31-May-60,0.022403705,0.024760345,0.0312,0.0481
30-Jun-60,0.025632375,0.020742147,0.0208,0.0086
29-Jul-60,0.002702669,-0.014271015,-0.0237,-0.0078
31-Aug-60,0.009464497,0.014179974,0.0301,0.0192
30-Sep-60,0.026642493,-0.004234908,-0.0599,0.0029
31-Oct-60,0.021956382,0.007272435,-0.0071,0.0123
30-Nov-60,0.02492436,0.020291091,0.0469,0.0369
30-Dec-60,0.023429693,0.052010175,0.0471,0.0136
31-Jan-61,0.016537363,0.007585359,0.062,-0.0397
28-Feb-61,0.013209534,0.019480998,0.0357,0.0103
30-Mar-61,0.012872313,0.024158521,0.0289,0.0418
28-Apr-61,0.010543419,-0.003358616,0.0029,0.0352
31-May-61,0.014464724,0.029813732,0.024,-0.015
30-Jun-61,-0.004491107,-0.007214432,-0.0308,0.0026
31-Jul-61,0.019707175,0.016355318,0.0283,0.0027
31-Aug-61,0.016299809,0.028490882,0.0257,0.0161
29-Sep-61,-0.005755141,-0.045004605,-0.0215,0.0076
31-Oct-61,-0.001270213,-0.009816612,0.0257,0.0309
30-Nov-61,0.017383468,-0.003761739,0.0445,0.0135
29-Dec-61,0.026797063,0.019698349,-0.0018,-0.0225
31-Jan-62,0.00616862,0.024012182,-0.0387,-0.0201
28-Feb-62,0.012583214,0.002852883,0.0181,-0.0096
30-Mar-62,0.012364291,0.012338593,-0.0068,0.0182
30-Apr-62,0.005935121,-0.001597685,-0.0659,0.0289
31-May-62,-0.001796976,-0.009160128,-0.0865,0.0034
29-Jun-62,0.039318767,0.016103018,-0.0847,0.0642
31-Jul-62,-0.009217564,-0.022198414,0.0628,0.0071
31-Aug-62,-0.000037208,0.000806853,0.0213,-0.0058
28-Sep-62,0.03021727,0.031241179,-0.0522,0.0398
31-Oct-62,0.010899063,-0.007609452,-0.0005,0.0071
30-Nov-62,-0.031686501,-0.019760473,0.1087,-0.0715
31-Dec-62,0.017813157,0.001527407,0.0101,0.058
31-Jan-63,0.029352845,0.025271813,0.0493,-0.0211
28-Feb-63,0.023088927,0.011964202,-0.0238,0.0252
29-Mar-63,0.02000601,0.019302134,0.0308,0.0158
30-Apr-63,0.00039583,0.005647469,0.0451,-0.0008
31-May-63,0.018430552,0.002195182,0.0176,0.0037
28-Jun-63,0.012020117,0.035148035,-0.02,0.0118
31-Jul-63,0.002963067,0.001991371,-0.0039,0.0099
30-Aug-63,8.89E-05,0.014617866,0.0507,0.0108
30-Sep-63,0.019444959,0.008867902,-0.0157,0.0013
31-Oct-63,0.024481125,0.010158483,0.0253,0.0314
29-Nov-63,0.011229714,0.004686142,-0.0085,-0.0075
31-Dec-63,0.030373417,0.02711711,0.0183,0.017
31-Jan-64,0.020522845,0.007295773,0.0224,0.0106
28-Feb-64,0.01202444,0.009697653,0.0154,0.0025
31-Mar-64,0.013925693,-0.013566223,0.0141,0.0072
30-Apr-64,-0.005548056,-0.002023373,0.001,-0.006
28-May-64,0.023480271,-0.003055164,0.0142,0.0254
30-Jun-64,0.007191637,0.006097066,0.0127,0.0047
31-Jul-64,0.015764637,-0.020201703,0.0174,-0.0032
31-Aug-64,-0.005507826,-0.005660596,-0.0144,-0.002
30-Sep-64,0.008036987,0.026629862,0.0269,-0.0038
30-Oct-64,0.012223585,0.01558422,0.0059,0.0013
30-Nov-64,-0.005954359,-0.003184199,0,0.011
31-Dec-64,-0.003699897,-0.009227859,0.0003,-0.0071
29-Jan-65,0.008802079,0.007060799,0.0354,-0.013
26-Feb-65,0.015729243,-0.003926769,0.0044,0.0028
31-Mar-65,0.009331095,0.009574048,-0.0134,0.0009
30-Apr-65,0.014369927,0.025162369,0.0311,0.0254
28-May-65,0.005890944,0.002174131,-0.0077,0.0053
30-Jun-65,0.00557014,-0.006469175,-0.0551,-0.0313
30-Jul-65,-0.009074382,0.00732363,0.0143,0.0409
31-Aug-65,0.003030908,0.007113905,0.0273,0.0257
30-Sep-65,0.016614831,0.022923411,0.0286,0.0332
29-Oct-65,0.034515892,0.032344055,0.026,0.0344
30-Nov-65,0.026626374,0.039271957,-0.0003,0.0441
31-Dec-65,0.012052775,-0.009525715,0.0101,0.0015
31-Jan-66,0.039556423,0.05788054,0.0072,0.0542
28-Feb-66,0.037698947,0.002163344,-0.0121,0.0454
31-Mar-66,0.002575837,0.026592745,-0.0251,0.0135
29-Apr-66,0.054661633,0.052283215,0.0214,0.0621
31-May-66,-0.06386393,-0.068950065,-0.0566,-0.0473
30-Jun-66,0.033646969,0.018616354,-0.0144,0.0331
29-Jul-66,-0.010475606,0.00781994,-0.0163,-0.0141
31-Aug-66,-0.026951903,-0.032170316,-0.0791,-0.0208
30-Sep-66,0.016439614,-0.003907089,-0.0106,-0.0177
31-Oct-66,-0.033325285,-0.062225365,0.0386,-0.0513
30-Nov-66,0.014185528,-0.003022337,0.014,0.0573
30-Dec-66,0.005618129,0.013364409,0.0013,0.0107
31-Jan-67,0.063928011,0.043530872,0.0815,-0.0675
28-Feb-67,0.00745851,-0.003530848,0.0078,0.0356
31-Mar-67,0.015292296,0.017624984,0.0399,0.0143
28-Apr-67,0.002169357,0.025139366,0.0389,0.0062
31-May-67,0.020931015,0.024334672,-0.0433,0.0059
30-Jun-67,0.057453969,0.025033028,0.0241,0.0604
31-Jul-67,0.004420543,0.026604524,0.0458,-0.0109
31-Aug-67,0.001063257,0.006163101,-0.0089,-0.0141
29-Sep-67,0.037651123,0.022002699,0.0311,0.0255
31-Oct-67,0.020520373,0.017587346,-0.0309,0.0366
30-Nov-67,-0.007911953,0.000178766,0.0037,0.0129
29-Dec-67,0.023629795,-0.015792667,0.0305,0.0323
31-Jan-68,-0.007215764,-0.014731155,-0.0406,-0.0464
29-Feb-68,-0.021547654,0.002982942,-0.0375,-0.0341
29-Mar-68,0.000539893,0.011951688,0.002,0.0318
30-Apr-68,0.010207957,-0.047695522,0.0905,0.0515
31-May-68,0.012272598,-0.008272105,0.0228,0.0373
28-Jun-68,0.028041919,0.022294657,0.0069,-0.0192
30-Jul-68,0.051741016,0.019550014,-0.0272,-0.0084
30-Aug-68,0.027637529,0.021552392,0.0134,0.0188
30-Sep-68,0.013126585,0.04382271,0.0403,-0.0067
31-Oct-68,0.006437609,0.028289117,0.0042,-0.0152
29-Nov-68,0.01907703,-0.003876497,0.0543,0.0173
31-Dec-68,-0.001638923,0.005822779,-0.0394,0.0011
31-Jan-69,0.020466151,0.027658458,-0.0125,-0.0015
28-Feb-69,0.004216781,-0.017116142,-0.0584,-0.0246
28-Mar-69,0.038009852,0.013962064,0.0264,0.0395
30-Apr-69,-0.004329212,-0.014008096,0.0146,0.0117
29-May-69,0.025275134,0.029597188,-0.001,0.0168
30-Jun-69,0.033474341,0.013201562,-0.0718,-0.0222
31-Jul-69,0.0375339,0.024861931,-0.07,0.0164
29-Aug-69,-0.01190373,-0.015314472,0.0468,0.0213
30-Sep-69,0.038565,0.042481183,-0.0298,0.0253
31-Oct-69,0.016044079,0.008253753,0.0506,-0.0432
28-Nov-69,0.023481202,0.020449032,-0.0379,0.036
31-Dec-69,-0.006841147,-0.018748331,-0.0263,0.0505
30-Jan-70,0.043693813,0.036634126,-0.081,0.0063
27-Feb-70,0.039248448,-0.008334893,0.0513,0.0012
31-Mar-70,0.008104372,-0.007022743,-0.0106,-0.0029
30-Apr-70,0.034152029,0.050004137,-0.11,-0.0073
29-May-70,0.025655404,0.016514855,-0.0692,-0.0269
30-Jun-70,0.068711079,0.062018618,-0.0579,0.0578
31-Jul-70,0.048326673,0.033481214,0.0693,-0.0294
31-Aug-70,0.031121683,0.003967454,0.0449,-0.065
30-Sep-70,-0.026115895,-0.043703173,0.0418,-0.0892
30-Oct-70,0.032923218,0.043285129,-0.0228,0.0961
30-Nov-70,-0.009732668,0.009463019,0.0459,0.0288
31-Dec-70,0.049761917,0.032042667,0.0572,-0.022
29-Jan-71,0.032583537,0.006197773,0.0484,-0.0659
26-Feb-71,0.027473214,0.008847199,0.0141,0.0081
31-Mar-71,0.016701302,0.00553135,0.0413,-0.0121
30-Apr-71,0.033806591,0.031734833,0.0315,0.0132
28-May-71,0.002648516,0.010488809,-0.0398,0.0088
30-Jun-71,-0.010674834,-0.019618287,-0.001,0.027
30-Jul-71,-0.00531295,-0.013168126,-0.045,-0.0237
31-Aug-71,0.072811857,0.093182724,0.0379,0.0351
30-Sep-71,0.007598999,0.013965525,-0.0085,0.0209
29-Oct-71,-0.011773437,-0.023167867,-0.0442,0.0046
30-Nov-71,0.016967952,-0.0096305,-0.0046,0.0148
31-Dec-71,0.010489243,0.0157415,0.0871,-0.0068
31-Jan-72,0.007219798,0.027252062,0.0249,0.0024
29-Feb-72,0.022401041,0.003288957,0.0287,0.027
30-Mar-72,0.022864015,0.031767099,0.0063,0.0291
28-Apr-72,0.027663257,0.016845796,0.0029,0.029
31-May-72,0.022282866,0.041349733,0.0125,0.0319
30-Jun-72,-0.004031337,-0.001209553,-0.0243,0.0193
31-Jul-72,0.024309873,0.044786348,-0.008,0.0275
31-Aug-72,-0.005943561,-0.003303029,0.0326,-0.0534
29-Sep-72,0.025503024,0.023084163,-0.0114,0.0175
31-Oct-72,0.021419016,0.006534878,0.0052,0.0075
30-Nov-72,0.028543718,0.037190576,0.046,-0.0514
29-Dec-72,0.043325191,0.067336007,0.0062,0.0498
31-Jan-73,0.033573187,0.007273127,-0.0329,0.0371
28-Feb-73,-0.005732457,0.009958737,-0.0485,0.0212
30-Mar-73,0.019179505,0.008061268,-0.013,0.0362
30-Apr-73,0.029158505,0.023267841,-0.0568,0.064
31-May-73,0.013366461,0.036709528,-0.0294,0.0709
29-Jun-73,0.024537851,0.01127064,-0.0156,0.0431
31-Jul-73,-0.023880823,-0.032018063,0.0505,-0.1169
31-Aug-73,0.031500276,-0.009878512,-0.0382,0.0342
28-Sep-73,-0.002363739,0.002865636,0.0475,-0.0703
31-Oct-73,0.047008688,0.038107835,-0.0083,0.0675
30-Nov-73,-0.065421836,-0.079214969,-0.1275,0.0863
31-Dec-73,0.010279837,0.025164175,0.0061,0.1039
31-Jan-74,0.071331569,0.067373798,-0.0017,-0.0882
28-Feb-74,0.017049939,0.007849567,-0.0047,0.0014
29-Mar-74,0.031759734,0.016350047,-0.0281,-0.0099
30-Apr-74,0.004236108,-0.020616241,-0.0529,0.02
31-May-74,-0.022486504,-0.033334634,-0.0468,-0.0026
28-Jun-74,0.003636179,0.019114103,-0.0283,0.0237
31-Jul-74,0.019910503,0.03394476,-0.0805,0.0301
30-Aug-74,0.025325804,0.018748972,-0.0935,0.03
30-Sep-74,0.054927632,0.086791514,-0.1177,0.0432
31-Oct-74,0.115158354,0.103928052,0.161,-0.005
29-Nov-74,0.00569219,-0.008410341,-0.0451,0.0217
31-Dec-74,0.001086237,0.006045301,-0.0345,0.0295
31-Jan-75,0.094774327,0.059392378,0.1366,-0.1389
28-Feb-75,0.022119689,0.009110639,0.0556,-0.0055
31-Mar-75,0.011262318,-6.77E-06,0.0266,-0.0199
30-Apr-75,0.001163798,-0.014686714,0.0423,0.0134
30-May-75,0.024771392,0.055198953,0.0519,-0.0047
30-Jun-75,0.023199831,0.02068195,0.0483,0.0006
31-Jul-75,0.027067757,-0.028873755,-0.0659,0.0042
29-Aug-75,0.002911638,-0.000104695,-0.0285,-0.0013
30-Sep-75,0.012020996,0.003389489,-0.0426,0.0032
31-Oct-75,0.011600268,0.034167409,0.0531,-0.0014
28-Nov-75,-0.013580514,-0.005336505,0.0265,-0.0045
31-Dec-75,0.035328516,0.025317564,-0.016,-0.0012
30-Jan-76,0.055859249,0.033126913,0.1216,0.0446
27-Feb-76,-0.000301236,-0.031099675,0.0032,0.0036
31-Mar-76,0.046620669,0.061754519,0.0233,0.0019
30-Apr-76,0.010274327,0.003602703,-0.0149,0.005
28-May-76,-0.012761092,-0.01931274,-0.0134,-0.011
30-Jun-76,0.018797233,0.014380074,0.0405,-0.0042
30-Jul-76,0.025929386,0.015135879,-0.0107,-0.0012
31-Aug-76,0.004671843,0.022435179,-0.0056,-0.0085
30-Sep-76,0.005665437,-0.017472883,0.0206,0.0024
29-Oct-76,0.002111707,0.006989648,-0.0242,-0.0048
30-Nov-76,0.010845159,-0.017344097,0.0036,0.029
31-Dec-76,0.04792454,0.020154887,0.0565,0.0077
31-Jan-77,-0.020233884,-0.052160036,-0.0405,0.0398
28-Feb-77,0.00107316,0.008583694,-0.0195,0.0038
31-Mar-77,0.018348053,0.005445376,-0.0137,0.0048
29-Apr-77,-0.005312926,-0.01933647,0.0015,0.0424
31-May-77,0.002973851,-0.01002035,-0.0146,0.0203
30-Jun-77,0.011043408,0.010010666,0.0471,0.0178
29-Jul-77,0.021872081,0.026599988,-0.0169,0.0031
31-Aug-77,-0.005107258,0.014542564,-0.0175,-0.0177
30-Sep-77,-0.003322604,0.002181272,-0.0027,0.0205
31-Oct-77,0.020165184,0.02201048,-0.0438,-0.0012
30-Nov-77,0.009033312,0.011484304,0.04,0.022
30-Dec-77,-0.003862135,0.003456512,0.0027,0.0156
31-Jan-78,0.035353683,0.048396595,-0.0601,-0.0072
28-Feb-78,0.003290653,-0.008389677,-0.0138,0.019
31-Mar-78,0.014630681,-0.003406809,0.0285,0.0137
28-Apr-78,0.004994399,0.013930743,0.0788,0.0085
31-May-78,-0.003244848,-0.001619462,0.0176,0.0285
30-Jun-78,0.008941852,-0.001374856,-0.0169,0.0278
31-Jul-78,0.025199181,0.023584929,0.0511,0.0423
31-Aug-78,0.011178031,0.014619239,0.0375,0.0282
29-Sep-78,0.030146808,0.008507276,-0.0143,-0.0311
31-Oct-78,4.59E-05,0.01726349,-0.1191,-0.0838
30-Nov-78,0.103213778,0.060859529,0.0271,0.0553
29-Dec-78,0.01501283,0.003923354,0.0088,0.0304
31-Jan-79,0.031888776,0.025622355,0.0423,-0.0127
28-Feb-79,0.007746098,-0.006332205,-0.0356,-0.0105
30-Mar-79,0.020768681,0.006022045,0.0568,0.0289
30-Apr-79,0.009066458,-0.012139621,-0.0006,0.008
31-May-79,0.014812629,0.017613596,-0.0221,-0.0021
29-Jun-79,0.003403618,-0.006114576,0.0385,0.0083
31-Jul-79,0.017065669,0.002644645,0.0082,-0.0109
31-Aug-79,-0.011999786,-0.015149962,0.0553,-0.0025
28-Sep-79,-0.007001085,-0.022076348,-0.0082,0.0532
31-Oct-79,-0.008073277,-0.009489064,-0.081,0.0215
30-Nov-79,0.015291803,0.00064886,0.0521,0.0796
31-Dec-79,-0.010490978,0.008277382,0.0179,0.0477
31-Jan-80,-0.021134278,-0.011997227,0.0551,0.075
29-Feb-80,-0.009959681,0.004799713,-0.0122,0.0788
31-Mar-80,0.065458929,0.058437824,-0.129,-0.0958
30-Apr-80,0.045936344,0.021007232,0.0397,-0.0042
30-May-80,0.020320568,0.030636187,0.0526,-0.0112
30-Jun-80,0.01642793,0.013956844,0.0306,0.0159
31-Jul-80,0.040975442,-0.021684823,0.0649,0.0037
29-Aug-80,4.77E-05,0.012578127,0.018,0.032
30-Sep-80,0.009550187,0.017925825,0.0219,0.0543
31-Oct-80,0.001831117,-0.000481052,0.0106,0.0733
28-Nov-80,0.010762742,-0.040273423,0.0959,0.1524
31-Dec-80,0.045231682,0.104680971,-0.0452,-0.0665
30-Jan-81,0.014167053,-0.004694618,-0.0504,-0.0794
27-Feb-81,-0.009979041,-0.006555576,0.0056,-0.0139
31-Mar-81,0.031023494,0.022387503,0.0356,0.0074
30-Apr-81,-0.017262085,0.030348905,-0.021,-0.0096
29-May-81,0.01793158,0.016688957,0.0011,0.0375
30-Jun-81,-0.001184894,0.035198411,-0.0236,-0.0591
31-Jul-81,-0.004365286,-0.022678523,-0.0154,-0.0252
31-Aug-81,0.017618395,0.003157785,-0.0703,-0.0112
30-Sep-81,-0.000502516,-0.021128891,-0.0717,0.0198
30-Oct-81,0.004085742,0.004388988,0.0492,0.0407
30-Nov-81,0.016999184,0.004668741,0.0336,-0.0026
31-Dec-81,0.018762012,0.018410733,-0.0365,0.0132
29-Jan-82,0.035460214,-0.042186481,-0.0324,0.0173
26-Feb-82,0.024649825,0.000540216,-0.0586,0.05
31-Mar-82,0.008517895,0.013219174,-0.0187,0.0293
30-Apr-82,0.001379113,-0.011804244,0.0327,-0.0041
28-May-82,0.010644774,0.005475292,-0.0399,0.0256
30-Jun-82,0.036069242,0.025910202,-0.0309,0.05
30-Jul-82,0.027847647,0.037601293,-0.0319,0.0447
31-Aug-82,0.001201139,-0.001650334,0.1114,-0.0352
30-Sep-82,0.065166789,0.042527541,0.0129,0.0417
29-Oct-82,0.013870204,0.011209574,0.113,0.0003
30-Nov-82,0.009788276,-0.052595994,0.0467,0.0589
31-Dec-82,0.034929885,0.06396871,0.0055,0.0002
31-Jan-83,0.021992595,0.009272738,0.036,-0.017
28-Feb-83,0.039516411,0.013329876,0.0259,0.0383
31-Mar-83,0.015521067,0.030084903,0.0282,0.0093
29-Apr-83,0.001438105,0.01666666,0.0667,0.0181
31-May-83,0.031535408,0.040505965,0.0052,-0.0158
30-Jun-83,0.017651904,0.017767067,0.0307,0.0178
29-Jul-83,0.013494779,0.005067597,-0.0407,-0.0314
31-Aug-83,0.025358012,0.020008619,-0.005,-0.0583
30-Sep-83,-0.005482711,-0.026502136,0.0092,-0.0011
31-Oct-83,-0.005687137,-0.001386578,-0.0344,-0.0456
30-Nov-83,-0.005086623,-0.031574684,0.0216,-0.0009
30-Dec-83,0.013297428,0.01588538,-0.0178,0.0075
31-Jan-84,0.053215874,0.051731676,-0.0192,-0.0248
29-Feb-84,-0.002660631,-0.025642486,-0.0482,0.002
30-Mar-84,0.026278637,0.034291325,0.0063,0.011
30-Apr-84,0.012352193,0.019356158,-0.0052,0.0205
31-May-84,0.011641038,0.015092405,-0.0597,0.0153
29-Jun-84,0.005361261,-0.025044512,0.0182,-0.007
31-Jul-84,-0.014720913,-0.015731217,-0.0274,0.0293
31-Aug-84,0.076318607,0.082983546,0.1028,-0.0568
28-Sep-84,0.011384943,0.003899512,-0.008,0.0367
31-Oct-84,0.007571266,0.024038523,-0.0084,0.0321
30-Nov-84,-0.002565399,-0.005914294,-0.0176,0.017
31-Dec-84,0.02283044,0.014898521,0.0184,0.0154
31-Jan-85,0.053564733,0.052157933,0.0799,-0.069
28-Feb-85,0.027289256,0.025807181,0.0122,0.0182
29-Mar-85,-0.012991099,-0.024776846,-0.0084,0.0168
30-Apr-85,-0.013096906,-0.009655828,-0.0096,0.0306
31-May-85,0.004042068,0.021886998,0.0509,0.0399
28-Jun-85,-0.008855431,0.004041091,0.0127,0.0363
31-Jul-85,0.043036363,0.042658234,-0.0074,-0.0394
30-Aug-85,0.001651534,0.019245305,-0.0102,0.0182
30-Sep-85,-0.012662143,-0.022252308,-0.0454,0.0148
31-Oct-85,0.010413943,0.009752574,0.0402,0.0487
29-Nov-85,0.030281836,0.035577177,0.0648,-0.0041
31-Dec-85,0.025054302,-0.006727842,0.0388,-0.0013
31-Jan-86,0.012288288,0.004462491,0.0065,0.0296
28-Feb-86,-0.014264738,-0.022012525,0.0713,0.0278
31-Mar-86,0.016473707,-0.022690384,0.0488,0.0245
30-Apr-86,0.020789954,0.007952803,-0.0131,-0.005
30-May-86,0.016587528,0.009190625,0.0462,0.0202
30-Jun-86,-0.013313802,-0.005306576,0.0103,0.0515
31-Jul-86,-0.007192731,-0.003413583,-0.0645,0.018
29-Aug-86,0.007143452,0.0055234,0.0607,-0.0501
30-Sep-86,-0.003729229,-0.013355301,-0.086,-0.0586
31-Oct-86,0.044808392,0.043402182,0.0466,0.0269
28-Nov-86,0.01146262,-0.006428055,0.0117,-0.0032
31-Dec-86,0.025361882,0.019073648,-0.0327,0.004
30-Jan-87,0.036979118,0.039459106,0.1247,0.0209
27-Feb-87,0.01036791,0.019202588,0.0439,-0.0217
31-Mar-87,0.014465079,0.010679466,0.0164,0.0159
30-Apr-87,-0.008990391,-0.023312577,-0.0211,0.0026
29-May-87,0.013207905,0.032738581,0.0011,-0.0069
30-Jun-87,0.008829561,0.006086641,0.0394,-0.002
31-Jul-87,0.015543716,0.021519351,0.0385,0.0267
31-Aug-87,0.009652846,0.033907114,0.0352,-0.0087
30-Sep-87,0.00391419,0.008521585,-0.0259,0.0071
30-Oct-87,-0.008808545,0.033058307,-0.2324,-0.0786
30-Nov-87,0.03344258,0.02417752,-0.0777,-0.0114
31-Dec-87,0.080383073,0.062670862,0.0681,0.0583
29-Jan-88,0.080179815,0.072560024,0.0421,-0.0758
29-Feb-88,0.014787638,0.041243997,0.0475,-0.0154
31-Mar-88,0.001078375,-0.008353598,-0.0227,0.0063
29-Apr-88,0.003864059,-0.008614237,0.0056,0.0225
31-May-88,0.017108557,0.000782067,-0.0029,0.0064
30-Jun-88,0.017833855,0.020609091,0.0479,-0.0291
29-Jul-88,0.019620082,0.038190849,-0.0125,0.0063
31-Aug-88,0.006314665,0.019293909,-0.0331,0.0033
30-Sep-88,0.011634392,-0.000281267,0.033,0.0024
31-Oct-88,0.000789268,-0.01663988,0.0115,0.0131
30-Nov-88,0.002275651,-0.007446584,-0.0229,0.0042
30-Dec-88,0.013769207,0.023470046,0.0149,0.0042
31-Jan-89,0.026462444,0.017236252,0.061,-0.0014
28-Feb-89,0.019688542,0.030222587,-0.0225,0.0093
31-Mar-89,0.009032351,0.000851676,0.0157,0.0354
28-Apr-89,-0.000589455,-0.003717398,0.0433,0.017
31-May-89,-0.003105176,-0.031942065,0.0335,0.0156
30-Jun-89,0.014872919,0.023832794,-0.0135,0.0065
31-Jul-89,0.035080231,0.040794134,0.072,0.0544
31-Aug-89,0.014271815,0.024443577,0.0144,-0.0014
29-Sep-89,0.012671177,0.020272921,-0.0076,0.034
31-Oct-89,-0.018257757,-0.029313591,-0.0367,0.0137
30-Nov-89,-0.013627525,-0.025139805,0.0103,0.0258
29-Dec-89,-0.020697924,-0.020450324,0.0116,0.0281
31-Jan-90,0.03473431,0.016478182,-0.0785,-0.0328
28-Feb-90,0.030287738,0.02331751,0.0111,-0.0053
30-Mar-90,0.000227138,-0.013839582,0.0183,0.0165
30-Apr-90,0.023578256,0.000533826,-0.0336,0.024
31-May-90,0.036601394,0.010214481,0.0842,0.0305
29-Jun-90,0.012866821,0.007057363,-0.0109,0.0243
31-Jul-90,0.039678282,-0.001116806,-0.019,0.0593
31-Aug-90,-0.032932102,-0.05801116,-0.1015,0.0178
28-Sep-90,0.00035023,-0.040394231,-0.0612,0.0553
31-Oct-90,0.019594826,-0.046785579,-0.0192,0.0673
30-Nov-90,0.031432022,0.050801272,0.0635,-0.0562
31-Dec-90,-0.0020135,-0.004844447,0.0246,0.0016
31-Jan-91,0.023493877,-0.001985473,0.0469,-0.0651
28-Feb-91,0.009937903,-0.000336486,0.0719,-0.0473
28-Mar-91,0.03233536,0.030812975,0.0265,0.0281
30-Apr-91,0.024709912,0.019679022,-0.0028,-0.024
31-May-91,0.017829955,0.017231416,0.0365,-0.001
28-Jun-91,0.037886696,0.034004584,-0.0494,0.0046
31-Jul-91,0.036030832,0.017035211,0.0424,0.0431
30-Aug-91,-0.001724683,-0.008996385,0.0232,0.0162
30-Sep-91,-0.000079666,-0.010932024,-0.0159,0.0173
31-Oct-91,-0.000637639,0.004254252,0.0129,0.0321
29-Nov-91,0.009222406,-0.002145706,-0.0419,0.0126
31-Dec-91,0.030742402,-0.017069917,0.1084,0.0829
31-Jan-92,0.069214256,0.05757268,-0.0059,-0.0247
28-Feb-92,0.004903577,0.003354533,0.0109,-0.0059
31-Mar-92,0.008785543,0.010265797,-0.0266,-0.0035
30-Apr-92,-0.014705041,-0.020382978,0.0107,-0.0261
29-May-92,0.018082073,0.00737259,0.003,0.0012
30-Jun-92,0.032951261,0.022475104,-0.0234,-0.006
31-Jul-92,0.022020527,0.020734884,0.0377,0.0143
31-Aug-92,0.020510749,0.009974189,-0.0238,-0.0052
30-Sep-92,0.003503085,-0.010799149,0.0119,0.0143
30-Oct-92,0.011004847,-0.018514997,0.0102,0.0271
30-Nov-92,0.016160612,-0.008541704,0.0413,-0.0034
31-Dec-92,0.024157146,0.014640784,0.0153,0.0444
29-Jan-93,0.040027611,0.004010016,0.0093,0.0484
26-Feb-93,-0.013270098,0.010538847,0.0012,0.031
31-Mar-93,0.008620643,0.00415429,0.023,0.0374
30-Apr-93,0.024854445,0.023117024,-0.0305,0.0033
28-May-93,-0.018879511,-0.003687382,0.0289,0.0029
30-Jun-93,0.015115292,0.012171682,0.0031,0.0458
30-Jul-93,0.009441398,-0.007398907,-0.0034,0.0324
31-Aug-93,0.012451324,0.019286938,0.0371,0.0258
30-Sep-93,0.009480205,0.00661939,-0.0012,0.0341
29-Oct-93,0.020341759,0.012447962,0.0141,-0.0267
30-Nov-93,0.021476592,0.010245945,-0.0189,-0.0471
31-Dec-93,0.009812585,0.016771155,0.0165,0.0228
31-Jan-94,0.036553882,0.033532568,0.0287,0.0002
28-Feb-94,0.017823357,0.015909257,-0.0255,-0.0029
31-Mar-94,0.015369654,-0.001064001,-0.0478,-0.0133
29-Apr-94,0.030253346,0.027191995,0.0068,0.0042
31-May-94,0.022191421,0.026372658,0.0058,-0.0215
30-Jun-94,0.01487958,0.034166043,-0.0303,-0.0083
29-Jul-94,0.032691413,0.040772119,0.0282,0.0019
31-Aug-94,-0.00288424,-0.009494979,0.0401,0.0154
30-Sep-94,0.012986175,-0.001683875,-0.0231,0.0132
31-Oct-94,0.008045505,0.007479289,0.0134,0.0141
30-Nov-94,0.007474593,0.012621631,-0.0404,-0.002
30-Dec-94,0.009654134,0.013153808,0.0086,0.035
31-Jan-95,0.051614678,0.069012665,0.018,-0.0182
28-Feb-95,0.031967753,0.044966095,0.0363,-0.0034
31-Mar-95,0.039612406,0.00063232,0.0219,0.0036
28-Apr-95,0.026906713,0.038229949,0.0211,0.0182
31-May-95,0.011590387,0.003355966,0.029,-0.0043
30-Jun-95,0.023876553,0.06491865,0.0272,0.0288
31-Jul-95,1.67E-05,-0.029495468,0.0372,0.0254
31-Aug-95,0.009660421,0.005433808,0.0055,0.0009
29-Sep-95,0.011242165,-0.000836247,0.0335,0.0271
31-Oct-95,-0.011852268,-0.015340034,-0.0152,0.0412
30-Nov-95,0.025482887,0.026913887,0.0396,-0.0064
29-Dec-95,0.003238052,0.005481017,0.0103,0.0254
31-Jan-96,0.040452223,0.016470273,0.0226,0.0057
29-Feb-96,0.027369681,0.0245373,0.0133,0.0058
29-Mar-96,0.005008139,0.007441715,0.0073,-0.0188
30-Apr-96,-0.02170283,-0.009583377,0.0206,-0.0091
31-May-96,-0.005505584,-0.001492777,0.0236,0.0156
28-Jun-96,0.032134409,0.045503977,-0.0114,0.0101
31-Jul-96,0.047846704,0.029392926,-0.0597,-0.0011
30-Aug-96,0.035626096,0.030447639,0.0277,-0.0005
30-Sep-96,0.005581235,0.016199561,0.0501,0.0269
31-Oct-96,0.018451243,0.035098686,0.0086,0.0391
29-Nov-96,-0.014618537,-0.028793974,0.0625,-0.0223
31-Dec-96,0.023987944,0.023109121,-0.017,0.0061
31-Jan-97,0.043479786,0.043919845,0.0498,0.0195
28-Feb-97,0.026612065,0.03085989,-0.0049,-0.0205
31-Mar-97,-0.011374377,-0.004379134,-0.0502,0.0097
30-Apr-97,0.026799223,0.051997774,0.0404,0.0492
30-May-97,0.004860483,0.02270148,0.0674,-0.0516
30-Jun-97,0.016473418,0.014066101,0.041,0.0262
31-Jul-97,0.048996527,0.068675968,0.0733,0.0381
29-Aug-97,0.020400508,-0.003843407,-0.0415,-0.0255
30-Sep-97,0.007748841,0.005999007,0.0535,0.0145
31-Oct-97,0.010099832,-0.003130774,-0.038,-0.0038
28-Nov-97,-0.005434448,-0.025410338,0.0298,0.0029
31-Dec-97,-0.04462058,-0.025198537,0.0132,0.0395
30-Jan-98,0.048185444,0.031711296,0.0015,0.0011
27-Feb-98,0.004090736,-0.000902873,0.0704,-0.0114
31-Mar-98,-0.000397018,0.005197333,0.0476,0.0215
30-Apr-98,0.021141692,0.00454886,0.0073,0.0078
29-May-98,0.025735269,0.020735058,-0.0307,0.0188
30-Jun-98,0.01700689,0.02148481,0.0318,0.0726
31-Jul-98,0.040353293,0.013534729,-0.0246,0.0368
31-Aug-98,-0.023344772,-0.021156239,-0.1608,0.0188
30-Sep-98,0.097037167,-0.00294768,0.0615,-0.0071
30-Oct-98,0.117904802,0.100053438,0.0713,-0.0536
30-Nov-98,0.010814927,-0.006610718,0.061,0.0116
31-Dec-98,0.024759406,0.063465532,0.0616,0.0899
29-Jan-99,0.068354595,0.039635546,0.035,0.0304
26-Feb-99,0.005836593,0.029060573,-0.0408,-0.0016
31-Mar-99,0.010795193,-0.005783658,0.0345,-0.0129
30-Apr-99,0.078298875,-0.014335224,0.0433,-0.0906
28-May-99,0.059926943,0.006944999,-0.0246,-0.0528
30-Jun-99,-0.010681928,0.024726752,0.0477,0.0489
30-Jul-99,0.043112517,0.017433498,-0.0347,0.0152
31-Aug-99,-0.032744412,-0.022015189,-0.0138,0.0292
30-Sep-99,-0.013036645,0.011307607,-0.0281,0.0644
29-Oct-99,0.019888336,0.016674663,0.0613,0.0548
30-Nov-99,0.006609612,0.010129471,0.0337,0.0562
31-Dec-99,0.024693887,0.071242393,0.0772,0.1319
31-Jan-00,0.060662996,0.04430382,-0.0474,0.0186
29-Feb-00,0.258053996,0.121241714,0.0245,0.1836
31-Mar-00,-0.0460045,-0.031355272,0.052,-0.0639
28-Apr-00,-0.050215907,-0.036364603,-0.064,-0.0858
31-May-00,0.146247613,0.171572421,-0.0442,-0.0908
30-Jun-00,-0.126288317,-0.080718789,0.0464,0.166
31-Jul-00,0.004036677,0.028588356,-0.0251,-0.0011
31-Aug-00,0.075122392,-0.039892304,0.0703,0.0571
29-Sep-00,0.019074681,0.059774634,-0.0545,0.0218
31-Oct-00,-0.008373584,-0.048788924,-0.0276,-0.0463
30-Nov-00,0.077249186,0.139251012,-0.1072,-0.0241
29-Dec-00,0.016334884,-0.06333154,0.0119,0.067
31-Jan-01,-0.150483884,-0.166746072,0.0313,-0.2506
28-Feb-01,0.069613158,0.008168498,-0.1005,0.1251
30-Mar-01,-0.064939684,-0.112074758,-0.0726,0.0835
30-Apr-01,0.079765432,0.082856415,0.0794,-0.0797
31-May-01,0.011422378,0.073011028,0.0072,0.0212
29-Jun-01,0.015838487,-0.018377281,-0.0194,0.0035
31-Jul-01,0.104027799,0.094886812,-0.0213,0.0547
31-Aug-01,0.015586832,-0.010024852,-0.0646,0.0554
28-Sep-01,-0.03853522,-0.08801714,-0.0925,0.1153
31-Oct-01,0.099234312,0.147091438,0.0246,-0.0841
30-Nov-01,0.059102232,0.002475136,0.0754,-0.0858
31-Dec-01,-0.027475799,-0.001435873,0.0161,-0.0002
31-Jan-02,0.034481357,0.023595072,-0.0144,0.0369
28-Feb-02,-0.061247438,-0.049394983,-0.0229,0.0676
28-Mar-02,0.010853314,0.039605372,0.0424,-0.0167
30-Apr-02,0.022681695,0.032389362,-0.052,0.0796
31-May-02,0.042109824,0.026212888,-0.0138,0.0297
28-Jun-02,0.040494687,0.078959431,-0.0721,0.0615
31-Jul-02,0.083358415,0.117888302,-0.0818,0.0334
30-Aug-02,-0.000548099,-0.001247171,0.005,0.0177
30-Sep-02,0.001843886,-0.049731318,-0.1035,0.0909
31-Oct-02,0.047789106,0.079881531,0.0784,-0.053
29-Nov-02,-0.04322406,-0.082148535,0.0596,-0.1617
31-Dec-02,0.078761468,0.063175381,-0.0576,0.0965
31-Jan-03,0.01622091,0.004557019,-0.0257,0.0162
28-Feb-03,-0.000080895,0.041001658,-0.0188,0.0125
31-Mar-03,-0.011330863,-0.011251443,0.0109,0.0161
30-Apr-03,0.035523472,0.072283891,0.0822,-0.0946
30-May-03,-0.005495016,0.005540172,0.0605,-0.1077
30-Jun-03,-0.000094385,-0.000285758,0.0142,-0.0106
31-Jul-03,0.025460735,0.024750095,0.0235,-0.0031
29-Aug-03,0.004280884,-0.010628732,0.0234,-0.0056
30-Sep-03,0.028396349,0.042319886,-0.0124,-0.0019
31-Oct-03,0.025016004,-0.007301104,0.0608,0.0373
28-Nov-03,-6.17E-06,-0.010389919,0.0135,0.0162
31-Dec-03,0.031447739,0.045748976,0.0429,-0.0571
30-Jan-04,0.021031701,0.026663775,0.0215,0.026
27-Feb-04,-0.022269092,-0.049380955,0.014,-0.0109
31-Mar-04,-0.031178188,-0.044340187,-0.0132,0.0021
30-Apr-04,0.004515739,0.019365854,-0.0183,-0.0539
28-May-04,-0.000598724,-0.012305186,0.0117,0.0161
30-Jun-04,0.017049557,0.028513611,0.0186,0.021
30-Jul-04,0.055233983,0.068826401,-0.0406,-0.0229
31-Aug-04,0.03852178,0.058124224,0.0008,-0.0155
30-Sep-04,-0.034459468,-0.060394874,0.016,0.0524
29-Oct-04,-0.009916015,-0.005238205,0.0143,-0.0152
30-Nov-04,-0.001096413,-0.012039737,0.0454,0.0323
31-Dec-04,0.025411446,0.030055285,0.0343,-0.0284
31-Jan-05,-0.019462687,-0.012225709,-0.0276,0.0321
28-Feb-05,-0.022324726,-0.024579365,0.0189,0.0316
31-Mar-05,-0.004362214,0.004915518,-0.0197,0.0054
29-Apr-05,0.004702508,0.013021438,-0.0261,-0.0085
31-May-05,0.039351475,0.054764838,0.0365,0.0043
30-Jun-05,0.0015682,-0.042860407,0.0057,0.0205
29-Jul-05,0.026248734,0.006558832,0.0392,-0.0001
31-Aug-05,0.001677916,-0.015219205,-0.0122,0.0227
30-Sep-05,-0.015989342,-0.032204001,0.0049,0.0346
31-Oct-05,0.000439613,-0.009653744,-0.0202,-0.0128
30-Nov-05,0.002017542,0.010676938,0.0361,0.0025
30-Dec-05,-0.000602792,-0.018815458,-0.0025,0.0077
31-Jan-06,0.061700244,0.02747078,0.0304,0.0268
28-Feb-06,0.016972666,0.012719505,-0.003,-0.0184
31-Mar-06,0.02142626,0.022824577,0.0146,0.0126
28-Apr-06,0.00773271,0.007636587,0.0073,0.0061
31-May-06,-0.025916799,-0.022056801,-0.0357,-0.0365
30-Jun-06,0.023036098,0.011056106,-0.0035,0.0149
31-Jul-06,0.053307579,0.062954767,-0.0078,-0.0221
31-Aug-06,-0.029033251,-0.032595757,0.0203,-0.0347
29-Sep-06,-0.028265544,-0.014852345,0.0184,-0.0094
31-Oct-06,0.004105967,0.004879887,0.0323,-0.0024
30-Nov-06,-0.009498671,-0.029924857,0.0171,-0.0101
29-Dec-06,0.011028671,0.026854094,0.0087,0.0084
31-Jan-07,-0.009310564,7.61E-05,0.014,0.0021
28-Feb-07,0.011529809,-0.000883976,-0.0196,-0.0135
30-Mar-07,-0.000011879,0.004537796,0.0068,0.0247
30-Apr-07,0.001188481,0.004163213,0.0349,-0.0016
31-May-07,0.01483062,-0.002417461,0.0324,-0.0026
29-Jun-07,0.005968903,-0.01150932,-0.0196,0.0038
31-Jul-07,0.005548896,-0.00145163,-0.0373,0.028
31-Aug-07,6.11E-05,-0.002559732,0.0092,0.0011
28-Sep-07,0.027033597,0.030345304,0.0322,0.0458
31-Oct-07,0.033312454,0.046478833,0.018,0.0496
30-Nov-07,0.028992955,0.019150661,-0.0483,0.0093
31-Dec-07,0.032578643,0.048072738,-0.0087,0.0652
31-Jan-08,-0.052921065,-0.100957327,-0.0636,-0.0789
29-Feb-08,0.04473768,0.053101721,-0.0309,0.0614
31-Mar-08,0.018495762,-0.009346493,-0.0093,0.041
30-Apr-08,-0.021257691,-0.024232787,0.046,-0.002
30-May-08,-0.020054601,-0.031608336,0.0186,0.0321
30-Jun-08,-0.048433888,-0.064727706,-0.0844,0.1254
31-Jul-08,0.012030977,0.019603284,-0.0077,-0.0515
29-Aug-08,-0.004273717,0.003143609,0.0153,-0.0405
30-Sep-08,-0.022108334,-0.012722639,-0.0924,0.0039
31-Oct-08,-0.012004369,-0.012213559,-0.1723,0.078
28-Nov-08,0.101050017,0.107096969,-0.0786,0.0712
31-Dec-08,-0.040359383,-0.024039018,0.0174,-0.0506
30-Jan-09,0.063369884,0.054050498,-0.0812,-0.0188
27-Feb-09,-0.061611449,-0.051865961,-0.101,0.0413
31-Mar-09,-0.024484004,-0.028755864,0.0895,-0.1154
30-Apr-09,0.122840937,0.132971633,0.1019,-0.3439
29-May-09,0.016469714,0.015466049,0.0521,-0.1244
30-Jun-09,0.032525612,0.063981444,0.0043,0.0529
31-Jul-09,0.062960583,0.062122723,0.0772,-0.0536
31-Aug-09,0.012952955,-0.002896781,0.0333,-0.0883
30-Sep-09,0.048041604,0.058951909,0.0408,-0.0493
30-Oct-09,-0.013438201,-0.039426887,-0.0259,0.0262
30-Nov-09,-0.001901203,0.019958611,0.0556,0.0029
31-Dec-09,0.040280849,0.052387756,0.0275,0.0293
29-Jan-10,0.013107763,0.002575441,-0.0336,-0.054
26-Feb-10,0.023822541,0.033751298,0.034,0.0364
31-Mar-10,0.013477466,-0.024355213,0.0631,0.0365
30-Apr-10,-0.001154773,0.01837187,0.02,0.032
28-May-10,-0.004016402,0.002184778,-0.0789,-0.0014
30-Jun-10,-0.011112343,-0.019180342,-0.0556,-0.03
30-Jul-10,0.013941832,0.001083935,0.0693,0.0189
31-Aug-10,-0.020771968,-0.028016881,-0.0477,-0.0018
30-Sep-10,0.052434728,0.058392539,0.0954,0.0135
29-Oct-10,0.011761661,0.01238562,0.0388,0.0163
30-Nov-10,-0.007295332,-0.000566098,0.006,0.0253
31-Dec-10,0.044212036,0.042904402,0.0682,-0.0319
31-Jan-11,0.015189215,0.008413194,0.0199,-0.0033
28-Feb-11,0.004747362,-0.018188261,0.0349,0.0201
31-Mar-11,0.002834147,-0.008106222,0.0045,0.0355
29-Apr-11,0.007076667,-0.009784639,0.029,0.0006
31-May-11,-0.00824241,-0.006201757,-0.0127,-0.006
30-Jun-11,0.000135491,0.011639,-0.0175,0.0173
29-Jul-11,0.017246992,0.017783677,-0.0236,0.0009
31-Aug-11,0.023299234,0.022292855,-0.0599,-0.0033
30-Sep-11,0.024311433,0.016513795,-0.0759,-0.0257
31-Oct-11,0.021599375,0.003504634,0.1135,-0.0143
30-Nov-11,0.003884434,0.029931378,-0.0028,0.0399
30-Dec-11,0.015013813,0.038188645,0.0074,0.0193
31-Jan-12,-0.034952525,-0.023408434,0.0505,-0.0792
29-Feb-12,0.022818746,-0.017457426,0.0442,-0.0031
30-Mar-12,-0.015961629,-0.074334269,0.0311,0.0151
30-Apr-12,-0.01671264,-0.033502013,-0.0085,0.0383
31-May-12,0.007728416,0.004090161,-0.0619,0.0662
29-Jun-12,0.006036816,0.015137081,0.0389,-0.0113
31-Jul-12,0.014910255,0.017731706,0.0079,0.0313
31-Aug-12,0.024681985,0.00400669,0.0255,-0.0248
28-Sep-12,-0.012355032,-0.01540749,0.0273,-0.0102
31-Oct-12,0.000921126,0.003256609,-0.0176,0.001
30-Nov-12,0.000835323,-0.000730978,0.0078,0.0038
31-Dec-12,-0.013311627,-0.020445866,0.0118,-0.0294
31-Jan-13,-0.001986698,-0.033258709,0.0557,-0.0186
28-Feb-13,-0.005529889,0.007667378,0.0129,0.013
28-Mar-13,-0.01452008,-0.023220261,0.0403,0.0195
30-Apr-13,-0.010904317,0.008465711,0.0155,0.0024
31-May-13,-0.002805102,-0.028330439,0.028,-0.0181
28-Jun-13,-0.012402447,0.00246364,-0.012,0.006
31-Jul-13,0.014399211,0.011192688,0.0565,0.0172
30-Aug-13,0.005278032,0.00860716,-0.0271,0.0003
30-Sep-13,-0.002080328,-0.033067803,0.0377,0.0301
31-Oct-13,-0.00160864,-0.002805554,0.0418,0.0016
29-Nov-13,-0.007061665,-0.035075948,0.0312,0.0041
31-Dec-13,-0.004594359,0.002706868,0.0281,0.0007
31-Jan-14,-0.008925524,-0.014943845,-0.0332,0.017
28-Feb-14,-0.014020459,-0.029960921,0.0465,0.0207
31-Mar-14,-0.017731506,-0.003411741,0.0043,-0.0331
30-Apr-14,0.040529766,0.063761867,-0.0019,-0.0387
30-May-14,0.009508176,-0.015800525,0.0206,0.0114
30-Jun-14,0.020917947,0.006438642,0.0261,0.007
31-Jul-14,0.022689283,0.032615812,-0.0204,-0.0024
29-Aug-14,0.012434541,0.007045918,0.0424,0.0081
30-Sep-14,-0.018962184,-0.009116658,-0.0197,0.0051
31-Oct-14,-0.020768442,-0.032277406,0.0252,0.0002
28-Nov-14,-0.013840363,-0.045622929,0.0255,0.0103
31-Dec-14,-0.01191626,0.001374839,-0.0006,0.0108
30-Jan-15,0.019033418,-0.016476141,-0.0311,0.0386
27-Feb-15,-0.009921232,-0.00312024,0.0613,-0.0286
31-Mar-15,0.013074672,0.017895539,-0.0112,0.0297
30-Apr-15,-0.015405274,0.009269207,0.0059,-0.0737
29-May-15,0.038499537,0.035587958,0.0136,0.0597
30-Jun-15,-0.020172441,0.005890176,-0.0153,0.031
31-Jul-15,0.004555557,-0.019138531,0.0154,0.1029
31-Aug-15,-0.013068771,-0.027506329,-0.0604,-0.0208
30-Sep-15,0.092540653,0.046670802,-0.0308,0.0531
30-Oct-15,-0.020709029,0.011770037,0.0775,-0.0394
30-Nov-15,-0.015360574,-0.014340022,0.0056,0.0227
31-Dec-15,0.021345877,0.053973386,-0.0217,0.0342
29-Jan-16,0.000493918,-0.023670081,-0.0577,0.0143
29-Feb-16,-0.002507265,0.002526301,-0.0007,-0.0409
31-Mar-16,-0.047869627,-0.044399198,0.0696,-0.0517
29-Apr-16,-0.000606321,0.078235903,0.0092,-0.0622
31-May-16,0.024771702,0.03849312,0.0178,0.0191
30-Jun-16,0.036796756,0.045992035,-0.0005,0.0421
29-Jul-16,0.01734334,0.043061622,0.0395,-0.0306
31-Aug-16,-0.007359299,-0.014354188,0.005,-0.0313
30-Sep-16,0.009575034,0.023668837,0.0025,-0.0055
31-Oct-16,0.014674919,0.037304296,-0.0202,0.0064
30-Nov-16,0.038814102,0.008665388,0.0486,-0.0421
30-Dec-16,-0.001412337,0.012928168,0.0182,-0.0038
31-Jan-17,-0.019074315,-0.010085426,0.0194,-0.0091
28-Feb-17,-0.023878894,0.002219982,0.0357,-0.0166
31-Mar-17,0.007550424,0.034483774,0.0017,-0.0097
28-Apr-17,-0.009323235,-0.015168035,0.0109,0.0052
31-May-17,-0.035241937,-0.019284216,0.0106,0.0143
30-Jun-17,0.012425681,0.03861196,0.0078,-0.0022
31-Jul-17,0.009769944,0.010263482,0.0187,0.0162
31-Aug-17,0.040879194,0.027160448,0.0016,0.0357
29-Sep-17,-0.044375811,-0.007073835,0.0251,-0.012
31-Oct-17,0.00760915,-0.048986682,0.0225,0.0428
30-Nov-17,0.019832793,0.020051507,0.0312,-0.0075
29-Dec-17,-0.028169032,-0.006661407,0.0106,-0.0159
